,content,score,timestamp
0,good,5,2025-07-09 22:04:20
1,I am unable to login after sing up. Can app developer help me. I am unable to share screen shot in review.,1,2025-07-08 12:58:51
2,seems useless,1,2025-07-03 01:05:30
3,bakwas hai sara masala hall ni krtay direct ap ki complain drop kr k msg krtay solve hogaya halank wo usitarah pending Chal Raha HOTA hai,1,2025-06-30 15:13:26
4,Stunning,5,2025-06-29 09:33:47
5,we can't complain against branchless banking like Sadapay Nayapay,1,2025-06-25 13:48:11
6,very helpful app for everyone.,5,2025-06-06 12:18:46
7,very bed,1,2025-06-05 18:35:00
8,"I was Happy to see this App. But When I was looking for HBL KONNECT option. It was not present there. I want to file a dispute against HBL KONNECT, Which is a Product of HBL. Kindly List all the Options HBL KONNECT Nayapay SADAPAY I hope Team will look into it .",3,2025-06-05 10:32:58
9,"Please add missing UBL branch Wah Model Town, GT Road,",2,2025-06-01 19:08:21
10,This platform is also useless and not Helpful. I raised 2time complaint to provide all the supporting documents. my issue is still not resolved. they closed my complaint without solving it and status shows it is resolved. (complain No.83655 & 88636) without solving it and status shows it is resolved.,1,2025-05-31 15:07:43
11,Unable to reset my password since one year,1,2025-05-31 09:48:16
12,sunwai portal is not working,1,2025-05-27 08:32:31
13,ASSALAMU ALAIKUM I WILL COMPLAINT 3 TIMES BUT TILL NOW NO RESPONSE FROM TEAM... I AM STILL WAITING WITH PATIENCE WITH POSITIVE THOUGHTS I WIIL REQUEST TO SUNWAI APP TEAM PLZPLZ PLZ SOLVE MY PROBLEM ğŸ™ğŸ»ğŸ˜­ğŸ™ğŸ»ğŸ˜­ğŸ™ğŸ»ğŸ˜­ğŸ™ğŸ»ğŸ˜­,3,2025-05-22 21:55:12
14,best app best people thank u govt pak nd thnk u un logo ka jo yaha mulazam ha or hmari bat snte hain thnk u,5,2025-05-18 20:54:15
15,ğŸ‘,5,2025-05-16 12:28:59
16,There is no way to change the email address. I accidentally put wrong email and now the app not allowing me to change email address.,1,2025-05-15 19:31:56
17,very bad app there is no out look even no scroll to see full content worst app... and also no any response...just clos3 the complaint without information...,1,2025-05-12 10:53:44
18,very helpful,5,2025-05-11 19:39:26
19,very Great App. I issued a complain about account hold .. they took action abruptly. very Helpful..,5,2025-05-06 16:29:53
20,the worst ğŸ˜­ application I ever had experienced.,1,2025-05-05 10:00:24
21,"Thanks for launching this app/portal by state bank of Pakistan. I submitted a complain regarding my account, withing short time my issue was resolved. Thanks regards",5,2025-05-04 22:21:37
22,does not working,1,2025-05-04 00:06:03
23,There is no wallet account show in the list.how can i submit the complain against wallet account like Nayapay,1,2025-05-02 14:56:26
24,"After following all the signing up procedures when I tried to sign in, it's not accepting my username and password. Now I have been trying for over a week the 'Forget Password' option but it's not accepting its own password reset codes.ğŸ‘ğŸ‘ğŸ‘",1,2025-04-29 13:46:06
25,Bad and not Helpful at All. same as other government platforms This platform is also useless and not Helpful. I raised a complaint to provide all the supporting documents. my issue is still not resolved but they closed my ticket.I advise people who are looking for reviews that do not waste your time for this platform and try another way if you have any issues,1,2025-04-28 13:12:48
26,Great app i am Reaulvd our esy paisa acount this apsss thanks sunwai apps,5,2025-04-25 12:13:56
27,I have launched complaint on this app from last week and still no response?????,3,2025-04-24 04:01:18
28,Ø§ØªÛØ§Ø¦ÛŒ Ø¨Ú©ÙˆØ§Ø³ Ø§ÛŒÙ¾ Ú¾Û’ ÛŒÛ Ù…ÛŒÚº Ø§Ø¨Ú¾ÛŒ Ø§Ø³ Ù…ÛŒÚº Ø³Ø§Ø¦Ù† Ø§Ù† Ú¾ÛŒ Ù†ÛÛŒÚº Ú¾ÙˆØ³Ú©Ø§ Ø´Ú©Ø§ÛŒØª Ø¯Ø±Ø¬ Ú©Ø±Ù†Ø§ ØªÙˆ Ø¨ÛØª Ø¯ÙˆØ± Ú©ÛŒ Ø¨Ø§Øª Ú¾Û’ ÛŒÛ Ø´Ú©Ø§ÛŒØª Ø¯Ø±Ø¬ Ù†ÛÛŒÚº Ú©Ø±Ù†Û’ Ú©ÛŒ Ø³ÛÙˆÙ„Øª Ù†ÛÛŒÚº Ø¯Û’ Ø±ÛÛŒ ØªÙˆØ´Ú©Ø§ÛŒØª Ú¾Ù„ Ú©ÛŒØ³Û’ Ú©Ø±Û’ Ú¯ÛŒ ØŸ,1,2025-04-22 18:54:12
29,they closed my complaint 2 times without solving it and status shows it is solved.,1,2025-04-21 16:09:03
30,it is very poor...slow working app..we can not sign up easily... password creating problem,1,2025-04-20 11:17:34
31,"very good platform for banking sector, complaints, very helpful and quick response of SBP team. I appreciated",5,2025-04-18 14:34:30
32,absolutely good experience,5,2025-04-17 09:24:01
33,error login issue I changed my password 2 times again incorrect login details,1,2025-04-14 20:01:22
34,This app is very good and easy way to solve your banking problem.Thank you so much for recovering my money from easypaisa,5,2025-04-10 06:35:06
35,"I signed up by entering all my details, but when I tried to log in after registration, it kept saying, ""Your phone number or password is incorrect."" Iâ€™ve tried multiple times, double-checked everything, but still can't get in. This is extremely frustrating! Please fix this issue immediately.",1,2025-03-29 05:59:09
36,app don't work I create account but when I trying to login its show error,1,2025-03-24 04:38:25
37,"""org.xml.sax.SAXParseException; lineNumber: 7; columnNumber: 58; The character reference must end with the delimiter."" facing this error and can't login after resetting the password. However, on website, can login using old password successfully.",1,2025-03-20 06:11:33
38,Third class app After creating login issues like authentication error,1,2025-03-14 07:44:43
39,Best app good response acha setup hai,5,2025-03-12 04:42:34
40,PASSwORD FORGET KRNY PY Sari information B Dy di Next setup py Error ajata ha Invalid Details Ab btaye kia kry,1,2025-03-08 22:57:17
41,If I am to be directed to a website. Why even create an app.,1,2025-03-08 01:37:09
42,Mene easy pesa helpline na call recive karhay na ap log kuch easy pesa q karhay ha aesa,2,2025-03-06 23:27:24
43,"The Sunwai app is a helpful initiative by SBP for filing complaints against banks. However, it does not include Electronic Money Institutions (EMIs) like JazzCash, NayaPay, and SadaPay, which are widely used in Pakistan. Many users face issues with these services, such as unauthorized transactions and service failures, but there is no way to report them through this app. I request SBP to update Sunwai and add EMIs to the complaint system for better consumer protection.",4,2025-03-05 17:59:35
44,Not working,1,2025-03-05 13:02:39
45,Quick response and guaranteed issues solution here,5,2025-02-28 18:42:02
46,"I registered on the Sunwai State Bank Complaint Portal, but now I can't log in. I even tried the ""Forgot Password"" option, but it doesn't workâ€”it just doesn't proceed. This is really frustrating as I need to access my account. Please fix this issue or provide a way to reset my account. Poor user experience! ğŸ‘",1,2025-02-25 23:04:24
47,rating â­â­â­â­â­ but kindly update it and add my city Sangla Hill District Nankana also every missing city in it.,5,2025-02-25 19:34:28
48,"Very good for, easy paisa, bank account I'd or other digital wallet problem, etc but request to the owner please update app for more to use easy",5,2025-02-23 21:48:02
49,"Very bad I was not able to login either I have entered my all information,ğŸ‘ğŸ‘",1,2025-02-20 16:58:27
50,I have a great experience issue timely resolved,5,2025-02-19 10:12:27
51,Sunwai app per regester kia ha laken login nahi ho rah please help me,4,2025-02-18 07:09:12
52,Easy paisa digital bank is not available in the app scroll down menu.,1,2025-02-15 12:11:39
53,Didn't Work properly unit one time signin every time shoe authentication error without authenticating.,1,2025-02-13 00:34:57
54,Good one,5,2025-02-06 12:50:00
55,Good app,5,2025-02-04 10:38:02
56,Really helpful source.,5,2025-02-03 18:42:29
57,i had a wonderful experience on this app. highly recommended,5,2025-02-03 18:01:39
58,Now i know why this app name is sunwai very useful and justifying app.ğŸ‘ğŸ»,4,2025-02-03 15:23:14
59,AmaÅ¾ing Features ğŸ˜Š,5,2025-02-03 14:45:05
60,Best of luck,5,2025-02-01 01:21:05
61,Excellent initiative by SBP,5,2025-01-31 17:12:08
62,Best experience,5,2025-01-31 16:59:19
63,"They closed my request 2 times by stating that I haven't provided them required documents, infavt they haven't asked any documents from me, no contact. Third time, they give the reply which Mobilink bank gave to them regarding fake account. No resolution. They are not helpful, and app is pathetic.",1,2025-01-30 17:29:16
64,App active nahi ho rahi,3,2025-01-26 12:25:31
65,Good ğŸ˜ŠğŸ‘,5,2025-01-23 22:07:35
66,After closing of complaint...no remarks been shared with complaintent by concerned bank... Kindly show remarks of concerned branch. And feedback of that complaint,1,2025-01-22 15:19:39
67,"Worst state bank service. Bloody corrupt organisation. They dont take any action against tbe bank even if you provide evidences in documentary form, and favour the banks specially if they too are at stake.",1,2025-01-15 13:23:00
68,Poor app . No one listens,1,2025-01-11 08:56:45
69,Excellent work by state bank of pakistan and Govt of pakistan..I get my money back from eaisypaisa company.,5,2025-01-10 17:39:39
70,My money stuck from 1 year but not received yet,1,2025-01-08 23:08:19
71,Yaqeen nahi tha masla Hal Hoga easypaisa ne mere paise 2 month say Daba rakhe they or Mera no block ker dya tha mager sunwai men complain ke bad paise wapis mil gay thanks sunwai team easypaisa Sy bach ker Rahe logo ka paisa kha Rahe hen,5,2025-01-08 16:45:54
72,Ù†ÛØ§ÛŒØª ÛÛŒ Ø¢ Ø¹Ù„ÛŒ Ø§ÛŒÙ¾ ÛÛ’ Ù…ÛŒÚº Ø¨ÛØª Ø§ÛŒÙ…Ù¾Ø±ÛŒØ³ ÛÙˆØ§ ÛÙˆÚº ğŸ‘,5,2025-01-08 01:15:59
73,Best App,5,2025-01-07 09:11:52
74,A fantastic platform for resolving banking issues! Sunwai Portal makes the complaint process seamless and efficient. Highly recommended for anyone facing banking challenges.,5,2025-01-03 21:09:16
75,Best application,5,2025-01-03 17:25:07
76,Great application for the complaints.,5,2025-01-03 17:21:22
77,A good initiative. Makes resolving complaints easier than before.,5,2025-01-03 16:25:47
78,"Waste of time, App is a showpiece, complaints registered are not pursued by SBP.",1,2025-01-03 07:23:24
79,Third class App no response by the bank or not respond by sunwai app shame on state bank team don't waste time the innocent people,1,2024-12-31 00:08:28
80,"Filed an complaint on the app to inquirw branch's unncessary requirements (atleast 2M deposit in current account) for locker. Complaint was closed with remakrs ""Contact Helpline"" which defeats the purpose of this app. No option to reopen complaint.",1,2024-12-30 12:46:12
81,Such a reliable Service they provide absolutely jaw dropping and quick response I've get every time i gave it a try,5,2024-12-20 02:16:08
82,Ø§Ø³ Ø§ÛŒÙ¾ Ù¾Ø± Ú©ÙˆØ¦ÛŒ Ù…Ø³Ø§Ø¦Ù„ Ø­Ù„ Ù†ÛÛŒÚº Ú©ÛŒØ§ Ø¬Ø§ØªÛ’,1,2024-12-04 19:15:44
83,Worst Data chore,1,2024-12-01 06:10:29
84,There is no option to reopen the complaint. Banks often close complaints without providing any resolution.,1,2024-11-29 18:15:40
85,Very Good app for bank issues. They resolve issue as soon as possible.,5,2024-11-28 15:08:46
86,Nice app,5,2024-11-28 11:01:55
87,It's great. Thank you so much for bringing this amazing service. My money had been stuck in easypaisa for several months and they were not giving any response but when I registered complaint against them on Sunwai I have got my money in just 2 days. Thank you so much ğŸ™,5,2024-11-25 18:44:02
88,Nice,5,2024-11-25 17:37:24
89,Excellent work. Thank you,5,2024-11-20 20:27:14
90,App needs to be checked and bugs should be fixed overall good to use and helpful in putting complaints,4,2024-11-19 00:46:11
91,Nice app,5,2024-11-17 17:03:04
92,"I believe this app has great potential....I recently faced an issue where a transaction got stuck, and despite reaching out to my bank, there was no response for three days.....Then, I decided to file a complaint on the Sunwai app..... To my surprise, within 24 hours, not only was my amount refunded, but I also received an apology email from my bank..... Iâ€™m really glad it worked....! I hope the app continues to deliver results this effectively.....",5,2024-11-14 11:14:48
93,One of the best compliments medium... Great work.. Cheers,5,2024-11-11 17:07:07
94,Good app,5,2024-11-11 15:42:26
95,Great,5,2024-11-08 19:42:06
96,Sada pay Naya pay application Ki compleain ka option Ni Hai,1,2024-11-07 21:07:59
97,Ø§Ø³Ù„Ø§Ù… ÙˆØ¹Ù„ÛŒÚ©Ù… ÙˆØ±Ø­Ù…Ø© Ø§Ù„Ù„Ù‡ ÙˆØ¨Ø±Ú©Ø§ØªÙ‡ Ø³Ø± Ù…Ø¬Ú¾Û’ Ø§ÙØ³ÙˆØ³ Ù¾Ø§Ú©Ø³ØªØ§Ù† Ú©Û’ Ø§Ø¯Ø±ÙˆÚº Ù¾Ø± ÛÛ’ Ø¬ÙˆÚ©Û Ú†ÙˆØ±ÙˆÚº Ù«Ø­Ø±Ø§Ù… Ø®ÙˆØ±ÙˆÚº Ù« Ø¨Ø¯Ù…Ø¹Ø§Ø´ÙˆÚºÙ« Ø§ÙˆØ± Ù¾Ø§ÙˆØ± ÙˆØ§Ù„Û’ Ù„ÙˆÚ¯ÙˆÚº Ú©Û’ Ù„ÛŒÛ’ Ø¨Ù†Ø§Ø¦Û’ Ú¯Ø¦Û’ ÛÛŒÚº ØºØ±ÛŒØ¨ Ù…Ø¸Ù„ÙˆÙ… Ø¹ÙˆØ§Ù… ØµØ±Ù Ø§ÙˆØ± ØµØ±Ù Ø§Ù† Ø§Ø¯Ø±ÙˆÚº Ú©Ùˆ Ú©Ù…Ù¾Ù„ÛŒÙ† Ú©Ø±Ø³Ú©ØªÛŒ ÛÛ’ Ú¾ÙˆÙ†Ø§ Ú©Ø¬Ú¾ Ø¨Ú¾ÛŒ Ø§Ø¯Ø±Û’ ØµØ±Ù Ø§Ù…ÛŒØ± Ø¢Ø¯Ù…ÛŒ Ú©ÛŒ ØªØ­ÙØ¸ Ú©ÛŒÙ„Ø¦Û’ Ø¨Ù†Ø§Ø¦Û’ Ú¯Ø¦Û’ ÛÛŒÚº Ø³Ø± Ú©Ú†Ú¾ ØªÙˆ Ø®Ø¯Ø§ Ú©Ø§ Ø®ÙˆÙ Ú©Ø±ÛŒÚº Ø¬Ø³ Ù…Ù‚ØµØ¯ Ú©Û’ Ù„ÛŒÛ’ Ø§Ù†Ø³Ø§Ù† Ú©Ùˆ Ø§Ø³ Ø¯Ù†ÛŒØ§ Ù…ÛŒÚº Ø¨Ú¾ÛŒØ¬Ø§ ÛÛ’ Ø¬Ø§ØªÛ’ Ø¬Ø§ØªÛ’ Ø´Ø§ÛŒØ¯ Ø§Ù¾ Ú©Ùˆ Ù…Ù‚ØµØ¯ Ø³Ù…Ø¬Ú¾ Ù…ÛŒÚº Ø¢Ø¬Ø§Ø¦Û’ Ø³Ø± Ù…ÛŒÚº Ù…Ø®ØªÙ„Ù Ø¯Ù†ÛŒØ§ÙˆÛŒ Ù¾Ù„ÛŒÙ¹ ÙØ§Ø±Ù…Ø² Ø³Û’ ØºØ±ÛŒØ¨ Ú©ÛŒÙ„Ø¦Û’ Ø§Ù¾Ù†ÛŒ Ø¢ÙˆØ§Ø² Ø¨Ù† Ø¢ÙˆØ§Ø² Ø§Ù¹Ú¾Ø§ØªØ§ Ú¾ÙˆÚº,1,2024-11-05 07:52:26
98,Perfect resolution,5,2024-11-04 10:13:07
99,Complaint resolved on time. Very good initiated by SBP,5,2024-11-04 08:59:24
100,Very useful,5,2024-11-04 00:04:02
101,Very helpful,5,2024-11-03 23:31:46
102,"Great app, highly recommended. The complaint once made are effectively solved.",5,2024-11-03 22:33:35
103,Useful app and easy to help ğŸ‘,5,2024-11-03 22:27:34
104,Please reactive my account from jazzcash,5,2024-11-03 14:58:13
105,Highly recommend,5,2024-11-02 11:00:31
106,Exceptional,5,2024-11-01 23:02:29
107,Very good app. Easy to use. Highly recommended,5,2024-11-01 21:50:56
108,Very useful app ğŸ‘ğŸ»,5,2024-11-01 20:08:09
109,Easy to use and very helpfull.,5,2024-11-01 18:52:28
110,i had a wonderful experience on this app. highly recommended,5,2024-11-01 17:40:16
111,Great app,5,2024-11-01 16:49:57
112,perfect,5,2024-11-01 10:32:47
113,Good initiated,5,2024-11-01 10:30:05
114,Easy to use and great for quick help!,5,2024-11-01 09:31:49
115,"Nice app, Good experience ğŸ‘ğŸ», easy to use , highly recommend.....",5,2024-11-01 06:59:02
116,Easy to use and very helpful app.,5,2024-10-31 22:05:47
117,sadapay bank name not show,1,2024-10-30 15:05:11
118,Successfully complain resolved,5,2024-10-30 11:16:13
119,Easy to use,5,2024-10-30 10:47:30
120,Easy application,5,2024-10-30 10:33:19
121,successful lodge complaint,5,2024-10-30 09:24:17
122,Sliw in reply,1,2024-10-29 17:04:23
123,I hope this state Bank application work properly without any corruption and do his job properly best wishes,5,2024-10-29 16:02:47
124,Average app with routine and clerical respondings.,3,2024-10-26 21:12:31
125,"After Filling the details. Receive confirmation message as a number after putting that number application should give confirmation instead confirmation Got closed. Again when try to do the same, application responded the email has been in used. Then I tried to logged in assumed account already been created then I get a message authentication is failed and same time I get an email message you have logged in to SBP portal. Please try to fix the app.",1,2024-10-25 11:04:18
126,(Exception occurred in get approval List) i am getting this error while submitting issue i tried every ways to resubmit but its not working worst application,1,2024-10-25 00:23:21
127,Itni chwal ap manna Ni daki na sigin ho rhi ha na signup,1,2024-10-23 15:35:02
128,Ù„Ø§Ú¯ÛŒÙ† Ù†ÛÛŒÚº ÛÙˆ Ø±ÛØ§,5,2024-10-22 21:45:25
129,Sunwai is messaging/coordinating post office app and do not bother to look into the greivances of people rather just do lipping on the responses of banks without even reading/understanding. It closed my complaint even without Bank's response.,1,2024-10-22 10:15:59
130,Easy to use,5,2024-10-21 20:41:23
131,Very nice app.good respond.very good initiative.easy to use.A great app for complaints Relating Banking issues.i highly impressed.,5,2024-10-17 23:45:11
132,kese fazool development ha. 1984 ki app lagti ha,1,2024-10-14 23:51:28
133,Joke ğŸ¤£ App is not working properly,1,2024-10-14 06:56:20
134,Only verified customer can perform transaction,1,2024-10-12 14:00:46
135,This App is joke. I am unable to signup. Face error Authentication failed and the same time receive confirmation SMS of success login. I tried to contact support via email and email delivery fails.,1,2024-10-12 00:43:18
136,Complaint regestration error not regestered,1,2024-10-11 21:10:57
137,Unable to attach files with complaints and most of complaints are marked as resolved but banks reply with irrelevant responses. Please look into this.,1,2024-10-09 20:23:04
138,File upload feature does not work.,1,2024-09-28 11:58:11
139,Allahamdulillah problem solved,5,2024-09-26 15:08:56
140,A way for SBP to run away from their duties One can't even login to it. And they close the tickets without resolving the actual issue. Another non performing dept deapite earning multi fold profits in 2024. Shame on you,1,2024-09-25 03:39:06
141,Baad Experince,1,2024-09-11 14:03:25
142,Otp is not working,1,2024-09-09 06:25:50
143,contain spyware .Avast detected it,1,2024-09-06 21:53:57
144,Nice experience with sunwai 100% solve my issue my bank is blocked due to dispute case but after sunwai solve my issue thnx u sunai love u,5,2024-09-05 17:14:37
145,ÛŒÛ Ø§ÛŒÙ¾Ù„ÛŒ Ú©ÛŒØ´Ù† Ú©Ø³Ù¹Ù…Ø± Ú©ÛŒ Ø´ÛŒÚ©Ø§ÛŒØª Ú©Ùˆ Ø­Ù„ Ú©Ø±ÙˆØ§Ù†Û’ Ú©Û’ Ù„ÛŒÛ’ Ø¨Ù†Ø§Ø¦ÛŒ Ú¯Ø¦ÛŒ ÛÛŒÚº Ù„ÛŒÚ©Ù† Ø§Ø³ Ú©Ø§ Ø§Ø³ØªØ¹Ù…Ø§Ù„ Ø§Ù¾Ù†Ø§ ÙˆÙ‚Øª Ø¶Ø§Ø¦Ø¹ Ú©Ø±Ù†Ø§ ÛÛ’ Ù…Ø¬Ú¾Û’ Ø¨ÛØª Ø§ÙØ³ÙˆØ³ ÛÙˆØ§ ÛÛ’ Ø§ÛŒÚ© ÛÛŒ Ø´ÛŒÚ©Ø§ÛŒØª Ú©Ùˆ Ø­Ù„ Ú©Ø±ÙˆØ§Ù†Û’ Ù…ÛŒÚº Ù†Ø§Ú©Ø§Ù… Ø±ÛÛŒ ÛÛŒÚº This application is designed to resolve customer complaints but using it is a waste of time I am very sorry to have failed to resolve a single complaint.,1,2024-09-05 16:17:18
146,Sunwai by State bank is the best app for resolution of your issues with your bank. They resolved my issue by contacting branch within 3 days. I'm 100% satisfied great work by SBP,5,2024-09-04 16:13:54
147,Absolutely very helpful app thanks SBP My complain solved in one day ğŸ‘ğŸ˜Š,5,2024-08-30 17:09:02
148,Great app thank you Soo much.its solve my problem which I face during 70 days with in 2 days great experience,5,2024-08-30 12:26:17
149,This is extremely poor application . The Password need to be in specific format . The one time code doesn't always work .,1,2024-08-29 11:29:17
150,"Useless, all the terms of this app in the favor of bank not for customers.",1,2024-08-29 09:18:31
151,"Not working, wasting time",1,2024-08-22 20:15:26
152,Complant approval error,1,2024-08-20 21:42:18
153,not working app,1,2024-08-17 11:27:53
154,Very poor app. its have many problems login is major problem and otp problem its developer is very third class,1,2024-08-13 17:44:31
155,"very useless app, otp not recieved even a tried again and again .",1,2024-08-10 09:43:56
156,Customer privacy beached app,1,2024-08-10 07:50:51
157,What a pathetic app.never get registered.app has alot of bugs in registration,1,2024-08-05 10:34:13
158,Attachment Option not Working. please fix it,2,2024-08-03 15:49:49
159,Unable to add images/attachment or open camera even permission is granted manually.,1,2024-08-03 09:08:12
160,Very effective. My complaint solved only in one day. Highly impressed,5,2024-08-02 06:46:11
161,"An app made by exteemely outdated developers, in lone with countru standards. Authentication doesnt work, web doesnt work. There needs to be another portal to complaint on sbp for this portal. Clearly they created this just as a check box, im confident no one even looks into it",1,2024-08-01 21:23:50
162,Yes of course this is a good initiative of SBP but as usual and like other institutions there is no result of complaint. no matter resolved and complaint closed.,1,2024-07-31 11:44:32
163,"Not working, Authentication failed!",1,2024-07-30 02:54:03
164,Useless App its not verifying OTP...,1,2024-07-26 15:27:34
165,"Unable to Add images/attachment even permission is allowed manually. Unable to scroll down complaint data, I have written a brief data in my complaint but when I open it from 3 line button, it doesn't scroll down. Device: Pixel 5 (redfin) OS Version : Android 14 June Security Patch.",2,2024-07-21 16:40:48
166,Very good initiative. Easy to use. Very effective. Highly impressed.,5,2024-07-20 12:34:47
167,Very useful application,5,2024-07-20 12:29:54
168,Worst application,1,2024-07-20 12:14:37
169,fantastic app,5,2024-07-19 09:50:19
170,Great service,5,2024-07-19 09:48:46
171,Amazing service. My issues with HBL were solved,5,2024-07-18 21:25:35
172,Absolutely ğŸ’¯ work quick response thanks SBP,5,2024-07-14 14:48:23
173,Worst Application ever There is no resolution provide even they don't like to single rply,1,2024-07-12 11:10:00
174,Nice appâ¤ï¸â¤ï¸â¤ï¸â¤ï¸,5,2024-07-10 21:52:02
175,Nice app,5,2024-07-10 21:50:29
176,A great intiative taken by sbp nice app,5,2024-07-10 18:22:51
177,Bakwaas app hai after complain bank ny Kya remarks diye hain Kuch pta Nahin chalta na hi complain pori trah open hoti hai,1,2024-07-10 17:49:08
178,Issue resolve in 15 days . Welldone app,5,2024-07-10 16:48:39
179,Very good service,5,2024-07-09 08:01:27
180,Rubbish,1,2024-07-07 14:07:06
181,Ø¬Ø¨ Ú¾Ù…ÛŒÚº Ú©ÙˆØ¦ÛŒ ÙØ§Ø¦Ù„Ø² ØªØµÙˆÛŒØ± ÛŒØ§ ÙˆÛŒÚˆÛŒÙˆ Ø¨Ú¾ÛŒØ¬Ù†Ø§ Ú¾Ùˆ ØªÙˆ ÙˆÛ Ø§Ù¹ÛŒÚ† Ù†Ú¾ÛŒÚº Ú¾Ùˆ Ø±Ú¾ÛŒ Ø§ÙˆØ± Ø§Ø³ Ø§ÛŒÙ¾ Ú©Û’ Ø°Ø±ÛŒØ¹Û’ Ú¾Ù…Ø§Ø±Û’ Ù…Ø³Ø¦Ù„Û’ Ø­Ù„ Ù†Ú¾ÛŒÛŒ Ú©ÛŒÛ’ Ø¬Ø§ Ø±Ú¾Û’,2,2024-07-04 09:03:26
182,sunwai ap our en ki team ko mera salaam hai sir mera jaZ cash acount bnd tha 3 month say sunwai ap valon ne ective krviya thankyouu sir thank you soo much,5,2024-07-03 00:04:59
183,"This app is not working, whenever I log in, it says authentication failed",1,2024-06-30 16:48:37
184,Very Bad Experience,1,2024-06-29 08:25:32
185,Nice app my issue resovled with 10 days,5,2024-06-23 17:44:20
186,What is this???? During sign up they always says that CNIC not found????? I think the management is sleeping. Thired class app,1,2024-06-22 22:46:54
187,"Got error during signup ""User CNIC not found"" Seriously?",1,2024-06-22 05:15:09
188,"A great app to lodge complaints relating banking issues, but I've facing problem while Signing Up the app that there appears ""User CNIC Not Found"". Plz guide to Sign Up the app. Thanx",4,2024-06-18 23:24:00
189,App thori slow ha but mera bank ka issue within 2 weeks solve ho gia ğŸ«¡ğŸ«¡,5,2024-06-11 17:53:01
190,This app is not working. I was download this app and created my account. After create my account I am logged in but app is not logged in. I am trying many time but app is not working.,1,2024-06-11 01:28:11
191,I downloaded this app to lodge a complain about Standard chartered but it's been more than 30 minutes I am unable to verify my account. Ab kisko complain karu ? Pakistan L taraqi karega ch developer bithaye hue h SBP ne.,1,2024-06-11 01:25:19
192,App doesn't work Pathetic,1,2024-06-10 17:59:04
193,Ø§Ú©Ø§Ø¤Ù†Ù¹ Ø¨Ù†Ø§Ù†Û’ Ú©Û’ Ù„Ø¦Û’ Ø§Ùˆ Ù¹ÛŒ Ù¾ÛŒ Ú©ÛŒ ØªØµØ¯ÛŒÙ‚ Ù†ÛÛŒÚº ÛÙˆ Ø±ÛÛŒ,1,2024-06-08 20:15:11
194,"I've installed your App, But when I start sign up they sent me OTP I inter that OTP App start buffering and said try again,I continually try several times but all in vain.... I go back and tried to sign up again now App says this email is already in use....I tried other email the app said this No.is already in use.... What should I do??? If my email is already in use why I don't have username? Disgusting..terrible App",1,2024-06-06 01:07:44
195,"No option for microfinance banks e.g. Sadapay, NayaPay. I have complaint against SADAPay but unable to proceed because its not listed.",2,2024-06-04 07:14:42
196,Good work and immediately response Good quality,5,2024-06-02 22:35:23
197,Terrible App i can't select the Bank and Complian Types Never Download this Third Class App,1,2024-06-02 14:52:38
198,I would like to say thanks. My jazz cash account was suspended from April 2020. My issue was not resolved by bank after to many times visited bank. Butt after lunching complaint on Sunwai my account is activated now. It takes some time about 3 months. Butt worth it.,5,2024-05-31 09:05:47
199,"App not accepting OTP while trying to register due to SOMETHING WENT WRONG, PLEASE TRY AGAIN. Bad Experience",1,2024-05-28 07:14:05
200,Bad app.if you submit complaint against bank .there is no response or reply from bank and they put statue resolved while the issue is still pending.,1,2024-05-24 17:17:34
201,"Facing a sign up glitch, tried multiple time but could not sign up, sunwaii ki complaint ab ksko kren ?",1,2024-05-17 21:45:34
202,Chutiyaa aapp .. trying to log in lekin log in he nai ho raha ...,1,2024-05-17 09:33:37
203,Also a stupid app like all stupid app Pakistani,1,2024-05-16 10:43:13
204,"Bogus application after long time waiting department close the complaint with remarks issue resolve but issue still presets no one in Pakistan for the poor public,ğŸ˜­ğŸ˜­ğŸ˜­ğŸ˜­ğŸ˜­",1,2024-05-16 07:29:24
205,"Unable to login, tried several times.",1,2024-05-12 20:05:56
206,"Very useless app. Automatically deleted my complaint and sent me msg thqt, your complaint is resolved by your Bank",1,2024-05-12 11:22:51
207,Very bad response,1,2024-05-11 03:54:43
208,very unprofessional without confirming that the issue is resolved . computer generated email received that your issue is resolved. but the issue is still not resolved ğŸ˜¡,1,2024-04-30 16:20:25
209,Ø¬Ù†Ø§Ø¨ Ø¹Ø§Ù„ÛŒ Ø¯Ù„ Ø®ÙˆØ´ ÛÙˆØ§ Ù†Ø¸Ø§Ù… Ø¯ÛŒÚ©Ú¾ Ú©Ø± Ù„ÛŒÚ©Ù† Ø§ÛŒÙ¾ Ø¨Ù„Ú©Ù„ Ø¨Ú©ÙˆØ§Ø³ ÛÛ’ ÙˆØ±Ù‚ Ø®Ø±Ø§Ø¨ ÛÛ’ Ø§ÛŒÙ¾ Ú©ÛŒ Ú©Ù…Ù¾Ù„ÛŒÙ† Ú©Ø±ÛŒÚº ØªÙˆ Ú©Ú†Ú¾ Ù†Ø¸Ø± ÛÛŒ Ù†ÛÛŒÚº Ø¢ØªØ§,1,2024-04-30 01:22:51
210,Third class application,1,2024-04-28 10:26:57
211,Fazool,1,2024-04-27 06:23:42
212,This app didn't solved any issue.,1,2024-04-24 06:39:06
213,Ø¨Ø§Ù„Ú©Ù„ Ø¨ÛŒÚ©Ø§Ø± Ø§ÛŒÙ¾ ÛÛ’ Ú©Ù…Ù¾Ù„ÛŒÙ† Ø±Ø¬Ø³Ù¹Ø± Ú©Ø±Ù†Û’ Ú©Û’ Ø¨Ø¹Ø¯ Ú©Ú†Ú¾ Ø¨Ú¾ÛŒ Ø´Ùˆ Ù†ÛÛŒÚº ÛÙˆØªØ§ Ø§Ú¯Ø± Ú©Ù…Ù¾Ù„ÛŒÙ† Ú©Ø§ Ø³Ù¹ÛŒÙ¹Ø³ Ø¯ÛŒÚ©Ú¾Ù†Ø§ ÛÙˆ ØªÙˆ Ù„Ø§Ú¯ Ø¢Ø¤Ù¹ Ú©Ø± Ú©Û’ Ø¯ÙˆØ¨Ø§Ø±Û Ù„Ø§Ú¯ Ø§Ù† Ú©Ø±Ù†Ø§ Ù¾Ú‘ØªØ§ ÛÛ’ Ø§Ø³ Ú©Û’ Ø¹Ù„Ø§ÙˆÛ Ø§ÙˆØ± Ø¨Ú¾ÛŒ Ø®Ø§Ù…ÛŒØ§Úº ÛÛŒÚº,1,2024-04-23 02:11:49
214,"Can't even sign up, because last is mandatory and I have have single name on my CNIC.",1,2024-04-22 19:14:08
215,Koi Sharam kar lo Complaint Resolved karte ho nahin,1,2024-04-21 09:29:37
216,Bad service login he nahi ho raha,1,2024-04-20 08:48:42
217,"Very Bad Application, unable to make Registration. No customer care or help available to rectify the problem",1,2024-04-19 18:29:38
218,"Made a complaint regrading non availability of HBL staff but no action was taken, only formality",1,2024-04-18 22:48:48
219,Useless app Only Time waste because no bank give any Response on complaint on this App. And App show complaint as a resolved.,1,2024-04-15 14:24:05
220,"In This App no any Option for SBP-BSC, If some one have issue in Prize Bonds so how they lodge complaint? Please Also Add name of State Bank BSC, and National Saving Bank as well.",1,2024-04-10 17:39:25
221,"Pathetic service. The app itself doesn't give you much option, and if you forget, the recovery/reset process is dysfunctional. As for complaints, they send your complaint to the bank it is against, and if the bank close it, it's closed. SBP has zero backing for the client. Useless.",1,2024-04-08 17:43:08
222,App has so many issues. First UI color is not user friendly. 2nd after clicking the exist button user can still access tha dashboard without logging again. Third error msgs are not user understandabl,1,2024-04-07 04:34:49
223,Kuch ni hoga sb fazol hai,1,2024-04-06 18:31:25
224,Unable to submit complaint Terrible app.,1,2024-04-06 16:30:44
225,I just read reviews and uninstall this appğŸ™ƒAnd thought thatğŸ‘€in Pakistan our issues can not solved by mobile ğŸ“± applicationsâ¤ï¸â€ğŸ©¹,1,2024-04-06 04:17:41
226,Stuck on OTP. It shows how much of a helpful this platform will be! You're not even responding to the reviews!,1,2024-04-04 21:25:23
227,Easy Paisa Jaz cash ka option be de do.. Aur chain destibute ka option be add kro,2,2024-04-03 21:52:06
228,the is not lunch yet? when select bank no cities option pop up.?,1,2024-04-03 17:03:57
229,"Extremely Buggy Application. Firstly, It Takes 5 Minutes After Entering OTP. Keep rotating. Finally, After successfully Signup and Select General Complaint. After selecting the bank the city isn't loading and branch name isn't loading.",1,2024-04-01 22:15:32
230,"Forget password not working, entered new OTP than screen stuck",1,2024-03-25 23:18:41
231,It's working well . Very good portal for us . Kindly add national saving banks in list . NSC not in listed .. thanks,4,2024-03-25 04:03:21
232,"Third Class as usual. I lodged a complaint after about a month I got response my complaint has been resolved while the issue was there at its place and @sunwai marked closed without any comment. How can we expect from like services mainly from this platform? The App UI is very idiotic when you login it shows 0 complaints you have to log out and login again to get access. And full if bugs. Govt should be at least in IT matter honest and hire some professional developers, not third class like you.",1,2024-03-22 16:11:10
233,I have never been able to login. Always gives the error message. Tried changing password. Still error message.,1,2024-03-22 12:03:35
234,"Useless app, can't even lodge a complaint.",1,2024-03-21 20:09:02
235,its developer should be suspended for designing such type of third class apps . Govt gave him full money but he bought third class cheap hosting server. It is not working properly,1,2024-03-21 17:35:16
236,Ø³Ù¹ÛŒÙ¹ Ø¨ÛŒÙ†Ú© Ø¢Ù Ù¾Ø§Ú©Ø³ØªØ§Ù† Û”Û” Ú©Ù… Ø§Ø² Ú©Ù… Ø¨ÛŒÙ†Ú© Ú©ÛŒ ÛŒÛ Ø¨Ú¾ÛŒ Ù¾Ø§Ù„ÛŒØ³ÛŒ Ø¨Ù†Ø§ Ù„Ùˆ Ø±Ù‚Ù… Ø§ÛŒÚ© Ø§Ú©Ø§Ø¤Ù†Ù¹ Ù…ÛŒÚº ÙØ±Ø§Úˆ Ø¢ ØªÛŒ ÛÛŒÚº Û”Ø§Ù¾ Ø¢ Ú¯Û’ Ø³Ø¨ Ø§Ú©Ø§Ø¤Ù†Ù¹ Ø¨Ù†Ø¯ Ú©Ø± Ø¯ÛŒØªÛ’ ÛÙˆ Û”Û”Û”Ø¯ÙˆØ³Ø±ÛŒ Ø¨Ø§Øª Ø¬ØªÙ†ÛŒ Ø±Ù‚Ù… Ø§Ú©Ø§Ø¤Ù†Ù¹ Ù…ÛŒÚº Ø§ØªÛŒ ÛÛ’ Ø¢Ù¾ Ø§Ø³ Ø³Ø¨ Ù¾Û’ Ù„Ú¯Ø§ Ø¯ÛŒØªÛ’ ÛÙˆÛ”Û” Ø§ÙˆØ± Ø§Ú¯Ø± 500 Ú©Ø§ Ø¨Ú¾ÛŒ Ù…Ø³Ø¦Ù„Û ÛÙˆ Ø¢Ù¾ Ù¾ÙˆØ±Ø§ 2Ù„Ø§Ú©Ú¾ Ø§Ú¯Ø± Ø§Ú©Ø§Ø¤Ù†Ù¹ Ù…ÛŒÚº Ù…ÙˆØ¬ÙˆØ¯ ÛÙˆ ÙˆÛ Ø¨Ú¾ÛŒ Ø¨Ù„Ø§Ú© Ú©Ø± Ø¯ÛŒØªÛ’ ÛÙˆÛ”Û”Û” Ø¬Ùˆ Ø´Ú©Ø§ÛŒØª Ú©Ø±ØªØ§ ÛÛ’ Ø§Ù¾ Ù†Û’ Ú©Ø¨Ú¾ÛŒ Ø§Ø³ Ø³Û’ Ø¨ÛŒØ§Ù† Ø­Ù„ÙÛŒ ØªÚ© Ù†ÛÛŒÚº Ù„ÛŒØªÛ’ Ú©Û ÛŒÛ Ø±Ù‚Ù… Ø§Ù¾ Ù†Û’ Ø®ÙˆØ¯ Ø¨Ú¾ÛŒØ¬ÛŒ ÛÛ’Û”Û” ÛŒØ§ Ù†ÛÛŒÚº Û”Û” Ø¨ÛŒÙ†Ú© Ú©Ùˆ Ø³Ø¨ Ù¾ØªØ§ ÛÙˆØªØ§ ÛÛ’ Ø±Ù‚Ù… Ú©ÛŒØ³Û’ Ú¯Ø¦ÛŒ ÛÛŒÚº Û”Û” Ù„ÛŒÚ©Ù† Ø´Ú©Ø§ÛŒØª Ú©Ø±Ù†Û’ ÙˆØ§Ù„Û’ Ø³Û’ Ø§ÛŒÚ© Ø³ÙˆØ§Ù„ ØªÚ© Ù†ÛÛŒÚº Ù¾ÙˆÚ†Ú¾ØªÛ’ ÛÙˆ Û”,1,2024-03-21 13:13:49
237,"Ø¨ÛØª Ø§Ú†Ú¾ÛŒ Ø§ÙˆØ± Ø§Ø¹Ù„ÛŒÙ° Ø§ÛŒÙ¾Ù„ÛŒÚ©ÛŒØ´Ù† ÛÛ’!ğŸ’• ÛŒØ§Ø± Ù…ÛŒÚº Ú©Ø§ÙÛŒ Ø±ÛŒÙˆÛŒÙˆØ² Ù¾Ú‘Ú¾ Ø±ÛØ§ ÛÙˆÚº Ø³Ø¨Ú¾ÛŒ ØªÙ†Ù‚ÛŒØ¯ Ø³Û’ Ø¨Ú¾Ø± Ù¾ÙˆØ± ÛÛŒÚº ØŒ Ù„ÛŒÚ©Ù† Ø§Ù„Ø­Ù…Ø¯Ù„Ù„Û Ù…ÛŒÚº Ù†Û’ Ø§Ø³ Ø§ÛŒÙ¾ Ú©Ùˆ Ù¾ÛÙ„ÛŒ Ø¯ÙØ¹Û Ø§Ù†Ø³Ù¹Ø§Ù„ Ú©ÛŒØ§ ØªÚ¾Ø§ Ø§ÙˆØ± Ø§Ù¾Ù†ÛŒ Ø¯Ø±Ø®ÙˆØ§Ø³Øª Ø´Ú©Ø§ÛŒØª Ú©ÛŒ ØµÙˆØ±Øª Ù…ÛŒÚº Ø¬Ù…Ø¹ Ú©Ø±ÙˆØ§Ø¦ÛŒ ØªÚ¾ÛŒ Ø¬Ø³ Ú©Û’ Ø¨Ø¹Ø¯ Ù…Ø¬Ú¾Û’ Ù…ÛŒØ³Ø¬ Ø¢ÛŒØ§ Ú©Û Ø¢Ù¾ Ú©Ø§ Ù…Ø³Ø¦Ù„Û Ø³Ø§Øª Ú©Ø§Ø±ÙˆØ¨Ø§Ø±ÛŒ Ø¯Ù†ÙˆÚº Ù…ÛŒÚº Ø­Ù„ Ú©Ø± Ø¯ÛŒØ§ Ø¬Ø§Ø¦Û’ Ú¯Ø§,Ù¹Ú¾ÛŒÚ© Ú¯ÛŒØ§Ø±Û Ø¯Ù† Ø¨Ø¹Ø¯ Ù…ÛŒØ±Ø§ Ù…Ø³Ø¦Ù„Û Ø­Ù„ ÛÙˆÚ¯ÛŒØ§ØŒ Ø¨ÛØª Ø§Ú†Ú¾ÛŒ Ø§ÛŒÙ¾ ÛÛ’ Ø§Ø³ Ø¶Ø±ÙˆØ± Ù¹Ø±Ø§Ø¦Û’ Ú©Ø±ÛŒÚº ØŒÙ¾Ø§Ú©Ø³ØªØ§Ù† Ù…ÛŒÚº Ø¢Ù†Ù„Ø§Ø¦Ù† ÛŒÛ ØµØ­ÛŒØ­ Ú©Ø§Ù… Ú©Ø± Ø±ÛÛŒ ÛÛ’",5,2024-03-19 17:33:04
238,Not solve my problem,1,2024-03-17 13:20:46
239,Unable to receive OTP on app awa on web,1,2024-03-15 14:43:17
240,"Terrible app, i am trying to create a account and have tried every password combination (numeric,alpha numerical) but none is working",1,2024-03-14 20:30:05
241,Thanks satate bank of Pakistan,5,2024-03-14 00:30:32
242,"So Poor and pathetic. Trying to login, but I can't even I received login SMS. Very bad experience.",1,2024-03-12 22:45:02
243,"Keep telling that ""Username/Password is incorrect"" while it is correct. Upon recovering Password, it keeps telling me, ""Object reference is not set to an instance of an object."" Would you solve it or not?",1,2024-03-10 00:01:36
244,"Not getting OTP on SMS and it takes 5 minutes to get OTP on Email Biggest issue Other than that, salute to the SBP people who thought about doing this for our convenience and managing the complains efficiently God bless you",2,2024-03-08 00:59:36
245,"Very bad app , otp is pending since last 2 days, no chance to register complaint, very low standard app.",1,2024-03-07 09:57:08
246,Ya boht achi app ha ap ka masla boht jald hal ho jata ha,5,2024-03-05 13:51:31
247,Full baggy. Sometimes number of complaints occurred some time not.,1,2024-03-04 16:21:46
248,Otp aa rhe he last me kah rha he k something went wrong is ka kia matlb he,5,2024-03-02 18:02:28
249,Ham to yah chahte Hain ki hamara Pakistan digital currency mein change ho jaaye Jaise ke Raat ID QR code aur merchant machine POS for business shop ke paas honi chahiye hamara Pakistan digital Hona chahie Aur jelly currency se chhutkara hamen milana chahie aur Mani laundering aur is Tarah ke Jo bhi galat kam hai unse hamen bachana chahie Pakistan jindabad,1,2024-03-01 15:22:41
250,Third class application created by SBP. As there is no use of it. When you provide all details of your complaint and then there is no option for lodge a complaint. They redirect you at main page without lodging a complaint. Pathetic app and overall worst system for your right.,1,2024-03-01 11:59:07
251,"Have spent 1 hour to lodge a complaint, and, the complaint has been submitted and a complaint Number has been popped up, and now there is no comolaint in the app. Waste of time and energy.",1,2024-02-29 12:22:45
252,Bkwas tareen aap.... Jahalat ki inteha ... App bnai h public ki complaints k liye... Or sign up krne k bad complaint submit he nahi ho rahi ... K ap banking mohtsab se contact kren ya phir bank ka wait kren... Agr banking mohtsib he jana h ya bank ka 2 month wait krna hai to is app k bnany ka mksd?,1,2024-02-28 15:17:58
253,useless,1,2024-02-26 16:27:12
254,Really Good app no OTP problem,5,2024-02-24 19:12:47
255,Wonderfull App Agar kese be bank se related masla ho iss app pe complain drj krdo result app deko loge,5,2024-02-20 13:35:50
256,SBP has launched a wonderful app to address the issues of bank customers. I didn't expect my issue would be resolved so quickly. Thanks to ğŸ¥° SBP and the management.,5,2024-02-20 09:02:16
257,Even unable to select bank city,1,2024-02-20 03:03:52
258,Raast id ke bare main complaint kese karni hai,1,2024-02-19 11:14:54
259,Bakwas app h koie 4bar pasword reset krchka hu pr jb bhi login kro to authentication field bolta ha login hi nai hora,1,2024-02-18 21:31:45
260,I wish there was a zero rating. Dreadful app by most illiterate and incapable people appointed on non deserving posts of state bank,1,2024-02-18 19:43:40
261,ECIB kn sa bank hay or inko kay complaint karya,1,2024-02-17 10:47:22
262,Ap logon sy ... Dhang sy app to bnte nai... Issue kahan solve krny... Na OTP ata ... Na verification hote .... Na login hota... Koii 1 dhang ka developer he rakh lain... Apni app phely set kr lain ... Bad main awam k issues set kejye ga,1,2024-02-16 20:39:05
263,Bad,1,2024-02-16 04:03:03
264,It's take time but thanks that issue has been resolved,5,2024-02-14 18:16:55
265,Great app easy to use thanks,5,2024-02-13 15:17:00
266,"Stone age app with third class interface and functionality, not user friendly too. The government should hire some professionals or learn from the private sector. First on signup you'll stuck on password field it do not accept the professional way of password with no clear error message secondly I have added the complaint it ask me questions and at the end it comes with the web link to add complaint what is the purpose of app?",1,2024-02-12 11:18:04
267,AOA state bnk of Pakistan Sir bnk ibft & p2p ke Jo  payment  stuck ho jte hi aur 24 hours bd auto reverted be n hote  Jb bank ko complain kre to phr 10 working day ka time milta hi Jo km az km 15 din bnte hi  ğŸ‘ Wo pareshani taklif Jo hume hote hi ap ko n bta skte K  Payment be Apne aur zalel be hum ho Technical team ko 24/7 day complaint pe work krna ho ga tb bnk system works kre ga  Jo km 15 din mein Hona hi 2 din mein pura ho jey ga Wo majboor ko PTA hota hi K  jb payment stuck ho jey,1,2024-02-09 22:34:00
268,Good initiative from SBP.,5,2024-02-07 15:49:52
269,Didn't sign up. Not good app.,1,2024-02-07 07:58:32
270,Terrible experience even SBP shouldn't do with the consumer failed to register due to otp issue Ridiculous ğŸ˜§,1,2024-02-05 19:18:52
271,Sign up jo kar ke dikhaye use inaam....,1,2024-02-05 19:01:21
272,"Just 3rd class app as expected by the Govt, even we can't registered complaint on it. Like the other Govt departments its also a waste of time",1,2024-02-04 07:34:06
273,We are linked with different banks from the past few years and we need this app. This app is not even able to verify otp and breaks the entire registration entries. Totally bad experience with the said app,1,2024-02-02 07:30:24
274,"Third class interface, no way to register, ambiguous password requirement, no proper flow, an IT professional was unable to register, how can a common man use it? Why can't Government institutes higher professionals to develop their apps as private institutions do?",1,2024-02-01 10:30:34
275,One of the pathetic App,1,2024-01-31 18:28:18
276,"Great app for public regarding banking injustice in any issue, I had lodged complaint and resolved timely within 2 days thanks to SBP Pakistan",5,2024-01-31 13:50:50
277,Great app Sunwai app State Bank Pakistan is a very good initiative .My Easy Paisa account was blocked since 15 months My account was unblocked after complaining on Sunwai app Thanks State Bank Pakistan,5,2024-01-31 12:08:25
278,Register a complaint twice but issue not resolved and got same message that complaint resolved.,1,2024-01-30 23:58:37
279,App sucks terribly... Doesn't even complete registration process... It takes all the details and then fails to send the otp. So sad...,1,2024-01-30 22:10:59
280,Pathetic as other government institutions at password app sleep as government employees,1,2024-01-30 20:57:10
281,Kesi charsi development team bithai hui hai SBP ne? OTP verify hi nhi hota. Useless app.,1,2024-01-30 19:00:55
282,Lakh lanat to the developers of this app . Doob kr mar jao,1,2024-01-29 19:38:32
283,App download se ly kr complain tk to ok hy agy complain clear ho gi ya ni wo pata ni es liye 04 star â­ dya hy. Kisi ko OTP Ka masla aye to wo number ki bjaye email address select kry email py fori OTP a Jaye ga.,4,2024-01-28 21:57:33
284,Otp ee verify nhi ho rha,1,2024-01-28 21:26:34
285,Not Signing final & show error in verification of OTP,1,2024-01-28 14:29:59
286,"One of the most worst govt app. 1-OTP problem, 2-when I leave the app few seconds during write a complaint screen become completely black no option working than. And you have close the app forcely and log in again.",1,2024-01-28 14:09:19
287,Surprised to see 5 rating.. like on begining app is not working... Which mobile they 5 stars are using... They should have test and launch..,1,2024-01-27 14:59:00
288,Not able to log in but receiving emails that you are log on,1,2024-01-26 02:43:59
289,Is app k peechy jiska bhi idea he Allah Pak usy hmesha Khush rakhy ameen sum ameen. Mera issue 3 saal.s solve nai ho Raha tha hogya alhmdullilah complaint k 3 days me . Good job all team .,5,2024-01-25 16:45:24
290,"Useless hai, zindigi wallet ki complaint karni thi, wo list main hi shamil nahi.",1,2024-01-22 14:52:17
291,Vehari city add hi nhi kiya or search option dalo jb city ko select krna ho to search kr k find kr skyn,1,2024-01-19 18:12:43
292,Listed Cities Names are not according to Actual Bank Branches Cities.,1,2024-01-19 12:05:15
293,"I rated 1 * because, without it i can't write a review, otherwise this useless app deserve dust. yet another attempt at surreptitious data collection. an app launched without planning or purpose. my sincere advice to all, please don't download and uninstall , via App Manager a/w cache & storage.",1,2024-01-19 11:36:31
294,Otp not received despite multiple attempts,1,2024-01-18 18:53:50
295,Bad experience with this app login problem ğŸ˜,1,2024-01-12 12:20:56
296,Pathetic portal of pathetic banking service of the world,1,2024-01-10 10:55:47
297,"At the last step to submit complaint, the system says ""exception occurred in get Request approval list"". What's wrong with this app, seems not tested before launch. Still not able to file complain against JazzCash.",1,2024-01-10 07:28:26
298,Not working just a picture,1,2024-01-10 06:01:20
299,Very very poor app i create account but I can't login.,1,2024-01-09 14:12:42
300,App k indar koi option nahi aa raha hai pakistan main bas andar nagri hai,1,2024-01-08 09:52:20
301,"This app is terrible. I wonder where the Pakistani government found these unskilled developers. Every public app they make has a bad interface and lots of errors. It's really frustrating. Also, this app doesn't even let you create an account. Overall, it's just a really awful app.",1,2024-01-07 12:41:41
302,Good work State Bank,5,2024-01-04 09:21:56
303,The name of my city Dera Ismail Khan is not in the city name list. Please list Dera Ismail Khan in question no.1. Thanks,1,2024-01-03 22:30:30
304,Worst exp not listed any Complain,1,2024-01-03 19:31:42
305,Great app for banking problems,5,2024-01-03 14:51:50
306,Sir what is exception occurred in get request approval list.,5,2024-01-02 18:46:52
307,"After successful ""Sign up"", fail to ""Sign in"", neither my initial password is accepting nor reset my new password. Bad experience. ğŸ˜",1,2024-01-02 14:33:00
308,Great app,5,2024-01-02 09:05:36
309,Horrible app,1,2024-01-02 07:41:09
310,Very ncy app easy to use and good support,5,2024-01-02 00:55:07
311,"It worked very smoothly, no doubt sbp has done a good job. My complaint was resolved within 2 days. Hats off to you guys!!",5,2024-01-01 23:04:49
312,User friendly,5,2024-01-01 22:06:39
313,Loved the application it's very beneficial for the costomers.,5,2024-01-01 21:59:51
314,"Sign-up issue, OTP code received but not being useful.",1,2024-01-01 18:49:55
315,Bug when registration submit...... where are the developers type '_oneByteString' is not a subtype of type int to index. OTP not receiving via sms,1,2024-01-01 16:30:43
316,Worked as per required inputs so far.,5,2024-01-01 14:03:23
317,Excellent condition,5,2024-01-01 13:41:30
318,could not register after receiving OTP code. hope to see action by developer team to resolve the issue.,2,2024-01-01 12:19:27
319,Complaint has been registered,5,2024-01-01 11:56:50
320,Looks good user has been registered,5,2024-01-01 11:54:33
321,Very slow and confusing,1,2024-01-01 00:25:38
322,Bekaaar Sign up me hee masla he aagay konse teer maare gi,1,2024-01-01 00:24:43
323,User has been registered and I just lodge my complaint hope so positive response,5,2023-12-31 22:55:19
324,Succesafully lodge complaint UI is friendly,5,2023-12-31 22:48:53
325,"Ù¾Ø§Ø³ÙˆØ±Úˆ Ú¾ÛŒ Ø±Ø³ÛŒÙˆ Ù†ÛÛŒÚº Ú¾ÙˆØªØ§Û” Ø¯ÙˆØ¨Ø§Ø±Û Ø§Ùˆ Ù¹ÛŒ Ù¾ÛŒ Ú©Û’ Ù„Ø¦Û’ Ø¯Ø³ Ù…Ù†Ù¹ Ú©Ø§ ÙˆÛŒÙ¹ Ù¹Ø§Ø¦Ù… Ú¾Û’ Ø¬Ùˆ Ø¨ÛØª Ø²ÛŒØ§Ø¯Û Ù¹Ø§Ø¦Ù… Ú¾Û’ Ø¨Ø§Ù„Ú©Ù„ Ø¨ÛŒÚ©Ø§Ø± Ø§ÛŒÙ¾ Ú¾Û’ Totally useless app U will not receive the password after logging in. For the second time OTP u have to wait for 10 minutes, which is tooooo much time.",1,2023-12-31 19:51:34
326,Unable to login,1,2023-12-31 14:51:54
327,very poor by SBP. getting high wages and inducted poor lazy uneducated peoples. even one app can't b launched in a proper way. a university level student can't be developed by SBP. password received after too much time tha input screen gone when screen reappeared password expired. almost 5 tries sane result. Shane on sbm IT team....,1,2023-12-31 11:55:41
328,"Creating app for customers while ignoring private banks overburdening the staff with loads of work. My manager put all work on my shoulders while their favorite staff is roaming free, this affects my performance and output. They are not keeping the proper work force. Many private banks needs to through rigorous checking by SBP for JDs. SBP is keeping blind eye for lower staff.",1,2023-12-31 10:48:45
329,Another terrible experience with this public app! No OTP is being received. Last time it shows the developers updated this app 6 months ago. It means they are not even interested to upgrade it n fix the bugs whereas the hundreds of users have highlighted the same issues again and again.,1,2023-12-31 00:16:49
330,Worst ever app...no response received from so called OTP......,1,2023-12-30 21:12:29
331,application not working properly. facing the issues in sign up.,1,2023-12-30 14:43:26
332,Very useful application for peoples,5,2023-12-30 14:37:44
333,It is a very user friendly app. Nice experience using it.,5,2023-12-30 13:14:00
334,"Pathetic app, didn't create profile for complaint registration",1,2023-12-30 11:18:32
335,"Worst App!!! Even after its relaunch, the team has failed to address Signup issues. Also there is no sense for the requirement of 12 digit password. Before making a public announcement of the app relaunch, your QA team should have atleast checked and resolved basic bugs.",1,2023-12-30 10:20:25
336,App is launched without testing by SBP. This is the level of our Regulatory Institutions that they even don't know the basics of launching a new application. OTP generated is not being accepted by App. It took 10 mints for requesting new OTP. I am trying to sign up for the first time and app shows user already exists.,1,2023-12-30 09:34:39
337,Sign up feature is not working,2,2023-12-30 01:47:42
338,Sir apny jo portal jari ki hai sunwai us main arifwala city add nahi hai is ko bi add kary thanks,1,2023-12-29 22:28:49
339,"Not even enable to login as i entered otp, app shows message that something went wrong while setting password on active directory.",1,2023-12-29 22:08:50
340,nice steps taken. its a user friendly app.,5,2023-12-29 17:48:20
341,Excellent work by SBP.. Very helpful application,5,2023-12-29 17:43:06
342,Successful created user and lodge a complaint thaankyou,5,2023-12-29 16:31:33
343,Use less,1,2023-12-29 16:14:25
344,Best App For Customersâ¤â¤â¤,5,2023-12-29 16:01:38
345,Great application and also user-friendly.,5,2023-12-29 15:33:31
346,Not good experience,1,2023-12-29 15:29:11
347,Good,5,2023-04-07 05:16:20
348,Not working,1,2023-03-01 22:02:21
349,- a third class app like third class bank. - rubbish developer who made this useless app. - Pakistani banks are worst in Digital Banking interface.,1,2023-02-16 00:21:43
350,Useless,1,2023-02-02 02:35:18
351,Very very very POOR service. not getting OTP.ğŸ˜¡ğŸ˜¡ğŸ˜¡ğŸ˜¡ğŸ˜¡ğŸ˜¡,1,2023-01-05 21:01:27
352,Unable to sign up,1,2022-12-18 13:53:51
353,Umable to login... Every time same error of SOMETHING WENT WRONG,1,2022-12-06 14:58:29
354,Was not able to even sign-up. It was stuck on Gender box and did not move forward. This App really reflect the quality of service at our public institutions. Pathetic work - least to say.,1,2022-12-06 14:03:10
355,very helpful and very power full,5,2022-12-05 18:21:58
356,Another absolutely rubbish app by SBP. First sohni darti app for overseas Pakistani you can not use NICOP on that. Now this one which never created your account and doesn't let you log in When SBP will create something reliable?,1,2022-12-02 17:38:00
357,I have no experience,5,2022-12-02 14:43:59
358,Still not functional properly. Password acceptance is having some issues.,1,2022-12-02 00:43:02
359,Ù…Ø§Ø´Ø§Ø¡Ø§Ù„Ù„Û Ø§Ú†Ú¾ÛŒ Ø¨Ø§Øª Ú¾Û’ Ø§Ù…ÛŒØ¯ Ú¾Û’ Ø§Ø³ Ú©Ùˆ Ù¾Ø±Ø§Ù¾Ø± Ù…Ø§Ù†ÛŒÙ¹Ø± Ú©ÛŒØ§ Ø¬Ø§Ø¦Û’ Ú¯Ø§,5,2022-12-01 15:44:35
360,Can't create ID and sign in or sign up,1,2022-12-01 14:01:31
361,This is a tribble application even not able to register otp is not working i wonder even how this app is relased to store without testign,1,2022-12-01 12:18:03
362,Doesnt accept the password (fullfilled all requirements) during signup...,1,2022-09-03 03:53:06
363,Expect more improvements to come in future.,5,2022-07-08 16:16:32
364,application and web site login is not active password during setting password,1,2022-07-03 09:09:25
365,"Very convenient to use, especially in urdu version",5,2022-06-28 19:20:10
366,Excellent initiative and appğŸ§¡,5,2022-06-28 19:10:17
